date_string,time_string,player_name,pokemon,trainer_name,trainer_id,location,total_pokemon,real_time_total,real_time_hmmss,real_time_file_label,resets,blackouts,failures,level,game_time,battle_duration,move1,move2,move3,move4,move1pp,move2pp,move3pp,move4pp,move1ppUp,move2ppUp,move3ppUp,move4ppUp,saves,steps,bonks,trainerBattles,wildBattles,battleTurns,playerTurns,enemyTurns,itemsInBag,money,rivalTeam,statusCondition,type1,type2,experience,ROM,Species,Trainer,Start Time,Real Time,Game Time,Level,Resets,RTHours,RTMinutes,RTSeconds,RTMilliseconds,Move 1,Move 2,Move 3,Move 4,Hp,Max HP,Attack,Defense,Sp. Attack,Sp. Defense,Speed,Attack DV,Defense DV,Speed DV,Special DV,StatExp HP,StatExp Attack,StatExp Def,StatExp Sp. Attack,StatExp Sp. Defense,StatExp Speed,Attack Stage,Defense Stage,Sp. Attack Stage,Sp. Defense Stage,Speed Stage,Accuracy Stage,Evasion Stage,Battle Attack,Battle Defense,Battle Sp. Attack,Battle Sp. Defense,Battle Speed,Frame Count,Overworld Frame Count,Battle Frame Count,Menu Frame Count,Intro Frame Count,Save Count,Reload Count,Clock Reset Count,Steps Count,Steps Count Walk,Steps Count Bike,Steps Count Surf,Bonks,Battles,Trainer Battles,Wild Battles,Battles Fled,Failed Runs,Total Damage Dealt,Actual Damage Dealt,Total Damage Taken,Actual Damage Taken,Own Moves Hit,Own Moves Missed,Enemy Moves Hit,Enemy Moves Missed,Own Moves Super Effective,Own Moves Not Very Effective,Enemy Moves Super Effective,Enemy Moves Not Very Effective,Criticals Dealt,OHKOs Dealt,Criticals Taken,OHKOs Taken,Was Confused,Enemy Became Confused,Was Paralyzed,Enemy Was Paralyzed,Was Burned,Enemy Was Burned,Was Frozen,Enemy Was Frozen,Was Poisoned,Enemy Was Poisoned,Was Badly Poisoned,Enemy Was Badly Poisoned,Fell Asleep,Enemy Fell Asleep,Player Turns Confused,Player Turns Confused Hit Self,Player Turns Paralyzed,Player Turns Paralyzed Fully,Enemy Turns Confused,Enemy Turns Confused Hit Self,Enemy Turns Paralyzed,Enemy Turns Paralyzed Fully, Player Turns Asleep, Enemy Turns Asleep,Player HP Healed,Enemy HP Healed,Player Pokemon Fainted,Enemy Pokemon Fainted,Experience Gained,Switchouts,Money Made,Money Spent,Money Lost,Items Picked Up,Items Bought,Items Sold,Balls Thrown,Pokemon Caught In Balls,Moves Learnt,Blackouts,Attempt Number,Failures, Rival's Team
3-30,17:37:49,NINTEN,Machamp,Rival1-Lab,3,Pallet Town - Oak's Lab,1,34.35,34,0h0m34s,0,0,0,6,0:01,6.667,KARATE CHOP,LOW KICK,LEER,,0,63,3,1,0,2,2,2,0,3000,No Team Selected, ,Fighting,Fighting,204,Machamp21,Machamp,Rival (Lab),00:00:27.68,00:00:34.35,00:01:43.56,6,0,0,0,34,35,KARATE CHOP,LOW KICK,LEER,,23,20,30,0,0,0,0,0,28,28,22,16,14,14,13,39,52,43,50,50,65,15,15,15,15,-1,0,0,0,0,0,0,14,16,14,14,13,1971,4414,1797,0,1971,0,0,0,63,63,0,0,3,1,1,0,0,0,22,19,0,0,2,1,1,0,0,0,0,0,2,0,0,0,0,0,0,0,0,0,0,0,0,0,0,0,0,0,0,0,0,0,0,0,0,0,0,0,0,0,0,1,69,0,0,0,0,0,0,0,0,0,0,0,21,0,No Team Selected
3-30,17:38:43,NINTEN,Machamp,Rival1-Lab,3,Pallet Town - Oak's Lab,1,34.36,34,0h0m34s,0,0,0,6,0:01,6.669,KARATE CHOP,LOW KICK,LEER,,0,63,3,1,0,2,2,2,0,3000,No Team Selected, ,Fighting,Fighting,204,Machamp21,Machamp,Rival (Lab),00:00:27.69,00:00:34.36,00:01:43.57,6,0,0,0,34,36,KARATE CHOP,LOW KICK,LEER,,23,20,30,0,0,0,0,0,28,28,22,16,14,14,13,39,52,43,50,50,65,15,15,15,15,-1,0,0,0,0,0,0,14,16,14,14,13,1971,4414,1798,0,1971,0,0,0,63,63,0,0,3,1,1,0,0,0,22,19,0,0,2,1,1,0,0,0,0,0,2,0,0,0,0,0,0,0,0,0,0,0,0,0,0,0,0,0,0,0,0,0,0,0,0,0,0,0,0,0,0,1,69,0,0,0,0,0,0,0,0,0,0,0,21,0,No Team Selected
3-30,17:39:47,NINTEN,Machamp,Bug Catcher,3,Viridian Forest,1,1:38.33,1:38,0h1m38s,0,0,0,7,0:05,8.46,KARATE CHOP,LOW KICK,LEER,,0,574,22,2,0,5,5,5,1,3175,No Team Selected, ,Fighting,Fighting,303,Machamp21,Machamp,,00:01:29.87,00:01:38.33,00:05:57.53,7,0,0,1,38,33,KARATE CHOP,LOW KICK,LEER,,22,20,30,0,0,0,0,0,28,31,25,18,16,16,14,79,87,73,70,70,115,15,15,15,15,0,0,0,0,-2,0,0,25,18,16,16,7,1971,17195,4253,0,1971,0,0,0,574,574,0,0,22,2,2,0,0,0,55,46,3,3,5,1,4,0,0,0,0,0,4,0,0,0,0,0,0,0,0,0,0,0,0,0,0,0,0,0,0,0,0,0,0,0,0,0,0,0,0,0,0,2,168,0,0,0,0,1,0,0,0,0,0,0,21,0,No Team Selected
3-30,17:40:16,NINTEN,Machamp,Brock,1,Pewter City - Gym,2,2:06.82,2:06,0h2m6s,0,0,0,11,0:07,16.377,KARATE CHOP,LOW KICK,LEER,,0,680,23,3,0,14,14,10,1,3265,No Team Selected, ,Fighting,Fighting,847,Machamp21,Machamp,Brock,00:01:50.44,00:02:06.82,00:07:50.56,11,0,0,2,6,82,KARATE CHOP,LOW KICK,LEER,,22,14,27,0,0,0,0,0,41,44,37,26,22,22,20,154,212,333,130,130,205,15,15,15,15,0,0,0,0,0,0,0,37,26,22,22,20,1971,19593,8638,0,1971,0,0,0,680,680,0,0,23,3,3,0,0,0,142,115,3,3,14,2,4,0,0,0,0,0,4,0,0,0,0,0,0,0,0,0,0,0,0,0,0,0,0,0,0,0,0,0,0,0,0,0,0,0,0,0,0,4,712,0,0,0,0,1,0,0,0,0,0,0,21,0,No Team Selected
3-30,17:40:50,NINTEN,Machamp,Bug Catcher,4,Route 3,3,2:40.95,2:40,0h2m40s,0,0,0,12,0:10,11.786,KARATE CHOP,LOW KICK,LEER,,0,763,30,4,0,19,19,12,5,251,No Team Selected, ,Fighting,Fighting,1182,Machamp21,Machamp,,00:02:29.16,00:02:40.95,00:10:06.25,12,0,0,2,40,95,KARATE CHOP,LOW KICK,LEER,,17,14,27,0,0,0,0,0,40,47,40,28,24,24,22,284,307,433,190,190,345,15,15,15,15,0,0,0,0,0,0,0,45,28,24,24,22,1971,23912,12448,0,1971,0,0,0,763,763,0,0,30,4,4,0,0,0,256,204,7,7,18,3,6,0,0,0,0,0,8,0,0,0,0,0,0,0,0,0,0,0,0,0,0,0,0,0,0,0,0,0,0,0,0,0,0,0,0,0,0,7,1047,0,0,0,0,1,12,0,0,0,0,0,21,0,No Team Selected
3-30,17:41:00,NINTEN,Machamp,Youngster Ben,1,Route 3,2,2:51.10,2:51,0h2m51s,0,0,0,13,0:10,7.285,KARATE CHOP,LOW KICK,LEER,,0,767,31,5,0,21,21,12,5,351,No Team Selected, ,Fighting,Fighting,1460,Machamp21,Machamp,,00:02:43.81,00:02:51.10,00:10:46.40,13,0,0,2,51,10,KARATE CHOP,LOW KICK,LEER,,16,13,27,0,0,0,0,0,43,50,43,30,26,26,23,349,423,512,255,255,472,15,15,15,15,0,0,0,0,0,0,0,48,30,26,26,23,1971,24107,14668,0,1971,0,0,0,767,767,0,0,31,5,5,0,0,0,339,263,7,7,20,3,6,0,0,0,0,0,9,0,0,0,0,0,0,0,0,0,0,0,0,0,0,0,0,0,0,0,0,0,0,0,0,0,0,0,0,0,0,9,1325,0,0,0,0,1,12,0,0,0,0,0,21,0,No Team Selected
3-30,17:41:11,NINTEN,Machamp,Lass,2,Route 3,2,3:02.25,3:02,0h3m2s,0,0,0,14,0:11,7.175,KARATE CHOP,LOW KICK,LEER,,0,775,32,6,0,23,23,12,5,516,No Team Selected, ,Fighting,Fighting,1708,Machamp21,Machamp,,00:02:55.08,00:03:02.25,00:11:30.57,14,0,0,3,2,25,KARATE CHOP,LOW KICK,LEER,,15,12,27,0,0,0,0,0,47,54,46,32,27,27,25,425,536,587,320,320,594,15,15,15,15,0,0,0,0,0,0,0,51,32,27,27,25,1971,24578,16854,0,1971,0,0,0,775,775,0,0,32,6,6,0,0,0,443,320,7,7,22,3,6,0,0,0,0,0,10,0,0,0,0,0,0,0,0,0,0,0,0,0,0,0,0,0,0,0,0,0,0,0,0,0,0,0,0,0,0,11,1573,0,0,0,0,1,12,0,0,0,0,0,21,0,No Team Selected
3-30,17:41:25,NINTEN,Machamp,Bug Catcher,6,Route 3,2,3:16.61,3:16,0h3m16s,0,0,0,14,0:12,7.591,KARATE CHOP,LOW KICK,LEER,,0,833,35,7,0,26,26,13,5,666,No Team Selected, ,Fighting,Fighting,2001,Machamp21,Machamp,,00:03:09.02,00:03:16.61,00:12:27.57,14,0,0,3,16,61,KARATE CHOP,LOW KICK,LEER,,12,12,27,0,0,0,0,0,47,54,46,32,27,27,25,520,586,677,365,365,669,15,15,15,15,0,0,0,0,0,0,0,51,32,27,27,25,1971,25732,19120,0,1971,0,0,0,833,833,0,0,35,7,7,0,0,0,530,385,7,7,25,3,6,0,0,0,0,0,12,0,0,0,0,0,0,0,0,0,0,0,0,0,0,0,0,0,0,0,0,0,0,0,0,0,0,0,0,0,0,13,1866,0,0,0,0,1,12,0,0,0,0,0,21,0,No Team Selected
3-30,17:42:14,NINTEN,Machamp,Rocket,1,Mt Moon - 3,2,4:05.10,4:05,0h4m5s,0,0,0,15,0:15,7.994,KARATE CHOP,LOW KICK,LEER,,0,1168,44,8,1,30,29,15,6,776,No Team Selected, ,Fighting,Fighting,2308,Machamp21,Machamp,,00:03:57.10,00:04:05.10,00:15:40.31,15,0,0,4,5,10,KARATE CHOP,LOW KICK,LEER,,11,10,27,0,0,0,0,0,36,57,49,34,29,29,27,590,687,747,430,430,796,15,15,15,15,0,0,0,0,0,0,0,55,34,29,29,27,1971,32406,24000,0,1971,0,0,0,1168,1168,0,0,44,9,8,1,0,0,653,468,21,21,28,3,8,0,0,0,0,0,13,0,1,0,0,0,0,0,0,0,0,0,0,0,0,0,0,0,0,0,0,0,0,0,0,0,0,0,0,0,0,15,2173,0,0,0,0,3,12,0,2,1,0,0,21,0,No Team Selected
3-30,17:42:30,NINTEN,Machamp,Fossil Nerd,2,Mt Moon - 3,3,4:21.68,4:21,0h4m21s,0,0,0,16,0:16,13.108,KARATE CHOP,LOW KICK,LEER,,0,1181,46,9,1,35,34,18,6,1166,No Team Selected, ,Fighting,Fighting,3095,Machamp21,Machamp,,00:04:08.57,00:04:21.68,00:16:46.26,16,0,0,4,21,68,KARATE CHOP,LOW KICK,LEER,,7,9,27,0,0,0,0,0,30,60,52,36,31,31,28,750,862,942,585,585,956,15,15,15,15,0,0,0,0,0,0,0,58,36,31,31,28,1971,32847,27514,0,1971,0,0,0,1181,1181,0,0,46,10,9,1,0,0,802,577,30,30,33,3,11,0,0,0,0,0,16,0,1,0,0,0,0,0,0,0,0,0,0,0,0,0,0,0,0,0,0,0,0,0,0,0,0,0,0,0,0,18,2960,0,0,0,0,3,12,0,2,1,0,0,21,0,No Team Selected
3-30,17:43:53,NINTEN,Machamp,Rival1-Lab,3,Pallet Town - Oak's Lab,1,34.36,34,0h0m34s,0,0,0,6,0:01,6.652,KARATE CHOP,LOW KICK,LEER,,0,63,3,1,0,2,2,2,0,3000,No Team Selected, ,Fighting,Fighting,204,Machamp21,Machamp,Rival (Lab),00:00:27.71,00:00:34.36,00:01:43.55,6,0,0,0,34,36,KARATE CHOP,LOW KICK,LEER,,23,20,30,0,0,0,0,0,28,28,22,16,14,14,13,39,52,43,50,50,65,15,15,15,15,-1,0,0,0,0,0,0,14,16,14,14,13,1971,4414,1796,0,1971,0,0,0,63,63,0,0,3,1,1,0,0,0,22,19,0,0,2,1,1,0,0,0,0,0,2,0,0,0,0,0,0,0,0,0,0,0,0,0,0,0,0,0,0,0,0,0,0,0,0,0,0,0,0,0,0,1,69,0,0,0,0,0,0,0,0,0,0,0,21,0,No Team Selected
3-30,17:44:57,NINTEN,Machamp,Bug Catcher,3,Viridian Forest,1,1:38.34,1:38,0h1m38s,0,0,0,7,0:05,8.457,KARATE CHOP,LOW KICK,LEER,,0,574,22,2,0,5,5,5,1,3175,No Team Selected, ,Fighting,Fighting,303,Machamp21,Machamp,,00:01:29.88,00:01:38.34,00:05:57.53,7,0,0,1,38,34,KARATE CHOP,LOW KICK,LEER,,22,20,30,0,0,0,0,0,28,31,25,18,16,16,14,79,87,73,70,70,115,15,15,15,15,0,0,0,0,-2,0,0,25,18,16,16,7,1971,17195,4253,0,1971,0,0,0,574,574,0,0,22,2,2,0,0,0,55,46,3,3,5,1,4,0,0,0,0,0,4,0,0,0,0,0,0,0,0,0,0,0,0,0,0,0,0,0,0,0,0,0,0,0,0,0,0,0,0,0,0,2,168,0,0,0,0,1,0,0,0,0,0,0,21,0,No Team Selected
3-30,17:45:26,NINTEN,Machamp,Brock,1,Pewter City - Gym,2,2:06.83,2:06,0h2m6s,0,0,0,11,0:07,16.375,KARATE CHOP,LOW KICK,LEER,,0,680,23,3,0,14,14,10,1,3265,No Team Selected, ,Fighting,Fighting,847,Machamp21,Machamp,Brock,00:01:50.44,00:02:06.83,00:07:50.56,11,0,0,2,6,83,KARATE CHOP,LOW KICK,LEER,,22,14,27,0,0,0,0,0,41,44,37,26,22,22,20,154,212,333,130,130,205,15,15,15,15,0,0,0,0,0,0,0,37,26,22,22,20,1971,19593,8638,0,1971,0,0,0,680,680,0,0,23,3,3,0,0,0,142,115,3,3,14,2,4,0,0,0,0,0,4,0,0,0,0,0,0,0,0,0,0,0,0,0,0,0,0,0,0,0,0,0,0,0,0,0,0,0,0,0,0,4,712,0,0,0,0,1,0,0,0,0,0,0,21,0,No Team Selected
3-30,17:46:00,NINTEN,Machamp,Bug Catcher,4,Route 3,3,2:40.96,2:40,0h2m40s,0,0,0,12,0:10,11.785,KARATE CHOP,LOW KICK,LEER,,0,763,30,4,0,19,19,12,5,251,No Team Selected, ,Fighting,Fighting,1182,Machamp21,Machamp,,00:02:29.18,00:02:40.96,00:10:06.25,12,0,0,2,40,96,KARATE CHOP,LOW KICK,LEER,,17,14,27,0,0,0,0,0,40,47,40,28,24,24,22,284,307,433,190,190,345,15,15,15,15,0,0,0,0,0,0,0,45,28,24,24,22,1971,23912,12448,0,1971,0,0,0,763,763,0,0,30,4,4,0,0,0,256,204,7,7,18,3,6,0,0,0,0,0,8,0,0,0,0,0,0,0,0,0,0,0,0,0,0,0,0,0,0,0,0,0,0,0,0,0,0,0,0,0,0,7,1047,0,0,0,0,1,12,0,0,0,0,0,21,0,No Team Selected
3-30,17:46:10,NINTEN,Machamp,Youngster Ben,1,Route 3,2,2:51.11,2:51,0h2m51s,0,0,0,13,0:10,7.279,KARATE CHOP,LOW KICK,LEER,,0,767,31,5,0,21,21,12,5,351,No Team Selected, ,Fighting,Fighting,1460,Machamp21,Machamp,,00:02:43.83,00:02:51.11,00:10:46.40,13,0,0,2,51,11,KARATE CHOP,LOW KICK,LEER,,16,13,27,0,0,0,0,0,43,50,43,30,26,26,23,349,423,512,255,255,472,15,15,15,15,0,0,0,0,0,0,0,48,30,26,26,23,1971,24107,14668,0,1971,0,0,0,767,767,0,0,31,5,5,0,0,0,339,263,7,7,20,3,6,0,0,0,0,0,9,0,0,0,0,0,0,0,0,0,0,0,0,0,0,0,0,0,0,0,0,0,0,0,0,0,0,0,0,0,0,9,1325,0,0,0,0,1,12,0,0,0,0,0,21,0,No Team Selected
3-30,17:46:21,NINTEN,Machamp,Lass,2,Route 3,2,3:02.26,3:02,0h3m2s,0,0,0,14,0:11,7.166,KARATE CHOP,LOW KICK,LEER,,0,775,32,6,0,23,23,12,5,516,No Team Selected, ,Fighting,Fighting,1708,Machamp21,Machamp,,00:02:55.10,00:03:02.26,00:11:30.57,14,0,0,3,2,26,KARATE CHOP,LOW KICK,LEER,,15,12,27,0,0,0,0,0,47,54,46,32,27,27,25,425,536,587,320,320,594,15,15,15,15,0,0,0,0,0,0,0,51,32,27,27,25,1971,24578,16854,0,1971,0,0,0,775,775,0,0,32,6,6,0,0,0,443,320,7,7,22,3,6,0,0,0,0,0,10,0,0,0,0,0,0,0,0,0,0,0,0,0,0,0,0,0,0,0,0,0,0,0,0,0,0,0,0,0,0,11,1573,0,0,0,0,1,12,0,0,0,0,0,21,0,No Team Selected
3-30,17:46:36,NINTEN,Machamp,Bug Catcher,6,Route 3,2,3:16.63,3:16,0h3m16s,0,0,0,14,0:12,7.589,KARATE CHOP,LOW KICK,LEER,,0,833,35,7,0,26,26,13,5,666,No Team Selected, ,Fighting,Fighting,2001,Machamp21,Machamp,,00:03:09.03,00:03:16.63,00:12:27.59,14,0,0,3,16,63,KARATE CHOP,LOW KICK,LEER,,12,12,27,0,0,0,0,0,47,54,46,32,27,27,25,520,586,677,365,365,669,15,15,15,15,0,0,0,0,0,0,0,51,32,27,27,25,1971,25732,19122,0,1971,0,0,0,833,833,0,0,35,7,7,0,0,0,530,385,7,7,25,3,6,0,0,0,0,0,12,0,0,0,0,0,0,0,0,0,0,0,0,0,0,0,0,0,0,0,0,0,0,0,0,0,0,0,0,0,0,13,1866,0,0,0,0,1,12,0,0,0,0,0,21,0,No Team Selected
3-30,17:47:24,NINTEN,Machamp,Rocket,1,Mt Moon - 3,2,4:05.10,4:05,0h4m5s,0,0,0,15,0:15,7.996,KARATE CHOP,LOW KICK,LEER,,0,1168,44,8,1,30,29,15,6,776,No Team Selected, ,Fighting,Fighting,2308,Machamp21,Machamp,,00:03:57.11,00:04:05.10,00:15:40.30,15,0,0,4,5,10,KARATE CHOP,LOW KICK,LEER,,11,10,27,0,0,0,0,0,36,57,49,34,29,29,27,590,687,747,430,430,796,15,15,15,15,0,0,0,0,0,0,0,55,34,29,29,27,1971,32406,23999,0,1971,0,0,0,1168,1168,0,0,44,9,8,1,0,0,653,468,21,21,28,3,8,0,0,0,0,0,13,0,1,0,0,0,0,0,0,0,0,0,0,0,0,0,0,0,0,0,0,0,0,0,0,0,0,0,0,0,0,15,2173,0,0,0,0,3,12,0,2,1,0,0,21,0,No Team Selected
3-30,17:47:41,NINTEN,Machamp,Fossil Nerd,2,Mt Moon - 3,3,4:21.70,4:21,0h4m21s,0,0,0,16,0:16,13.115,KARATE CHOP,LOW KICK,LEER,,0,1181,46,9,1,35,34,18,6,1166,No Team Selected, ,Fighting,Fighting,3095,Machamp21,Machamp,,00:04:08.58,00:04:21.70,00:16:46.28,16,0,0,4,21,70,KARATE CHOP,LOW KICK,LEER,,7,9,27,0,0,0,0,0,30,60,52,36,31,31,28,750,862,942,585,585,956,15,15,15,15,0,0,0,0,0,0,0,58,36,31,31,28,1971,32847,27516,0,1971,0,0,0,1181,1181,0,0,46,10,9,1,0,0,802,577,30,30,33,3,11,0,0,0,0,0,16,0,1,0,0,0,0,0,0,0,0,0,0,0,0,0,0,0,0,0,0,0,0,0,0,0,0,0,0,0,0,18,2960,0,0,0,0,3,12,0,2,1,0,0,21,0,No Team Selected
3-30,17:48:30,NINTEN,Machamp,Rival2-Nugget Bridge,9,Cerulean City,4,5:10.95,5:10,0h5m10s,0,0,0,18,0:20,21.91,KARATE CHOP,LOW KICK,LEER,,0,1381,52,10,1,45,44,26,7,1466,No Team Selected, ,Fighting,Fighting,4182,Machamp21,Machamp,Rival (Nugget Bridge),00:04:49.03,00:05:10.95,00:20:01.41,18,0,0,5,10,95,KARATE CHOP,LOW KICK,LEER,,21,14,30,0,0,0,0,0,29,67,58,40,35,35,31,907,1050,1090,815,815,1254,15,15,15,15,0,-1,0,0,0,-1,0,73,26,35,35,31,1971,38845,33231,0,1971,0,0,0,1381,1381,0,0,52,11,10,1,0,0,1079,742,68,68,39,9,17,0,0,0,0,0,18,0,1,0,0,0,0,0,0,0,0,0,0,0,0,0,0,0,0,0,0,0,0,0,0,0,0,0,0,0,0,22,4047,0,0,0,0,4,12,0,2,1,0,0,21,0,No Team Selected
3-30,17:48:45,NINTEN,Machamp,Bug Catcher,9,Route 24,2,5:26.12,5:26,0h5m26s,0,0,0,18,0:21,7.521,KARATE CHOP,LOW KICK,LEER,,0,1392,52,11,1,48,47,27,7,2061,No Team Selected, ,Fighting,Fighting,4497,Machamp21,Machamp,,00:05:18.60,00:05:26.12,00:21:01.57,18,0,0,5,26,12,KARATE CHOP,LOW KICK,LEER,,18,14,30,0,0,0,0,0,29,67,58,40,35,35,31,992,1115,1155,855,855,1349,15,15,15,15,0,0,0,0,0,0,0,65,40,35,35,31,1971,40162,35530,0,1971,0,0,0,1392,1392,0,0,52,12,11,1,0,0,1221,817,68,68,42,10,17,0,0,0,0,0,20,0,1,0,0,0,0,0,0,0,0,0,0,0,0,0,0,0,0,0,0,0,0,0,0,0,0,0,0,0,0,24,4362,0,0,0,0,4,12,0,2,1,0,0,21,0,No Team Selected
3-30,17:48:56,NINTEN,Machamp,Lass,8,Route 24,2,5:36.83,5:36,0h5m36s,0,0,0,19,0:21,8.166,KARATE CHOP,LOW KICK,LEER,,0,1394,54,12,1,50,49,28,7,2201,No Team Selected, ,Fighting,Fighting,4839,Machamp21,Machamp,,00:05:28.67,00:05:36.83,00:21:44.28,19,0,0,5,36,83,KARATE CHOP,LOW KICK,LEER,,17,13,30,0,0,0,0,0,23,70,61,42,36,36,33,1087,1207,1247,930,930,1446,15,15,15,15,0,0,0,0,0,0,0,68,42,36,36,33,1971,40287,37956,0,1971,0,0,0,1394,1394,0,0,54,13,12,1,0,0,1315,895,77,77,44,10,18,0,0,0,0,0,21,0,2,0,0,0,0,0,0,0,0,0,0,0,0,0,0,0,0,0,0,0,0,0,0,0,0,0,0,0,0,26,4704,0,0,0,0,4,12,0,2,1,0,0,21,0,No Team Selected
3-30,17:49:09,NINTEN,Machamp,Youngster,4,Route 24,3,5:50.37,5:50,0h5m50s,0,0,0,19,0:22,10.848,KARATE CHOP,LOW KICK,LEER,,0,1398,55,13,1,54,53,29,7,2411,No Team Selected, ,Fighting,Fighting,5358,Machamp21,Machamp,,00:05:39.52,00:05:50.37,00:22:38.12,19,0,0,5,50,37,KARATE CHOP,LOW KICK,LEER,,14,12,30,0,0,0,0,0,22,70,61,42,36,36,33,1192,1368,1361,1035,1035,1628,15,15,15,15,0,0,0,0,0,0,0,68,42,36,36,33,1971,40456,41011,0,1971,0,0,0,1398,1398,0,0,55,14,13,1,0,0,1575,1003,78,78,48,10,19,0,0,0,0,0,23,0,2,0,0,0,0,0,0,0,0,0,0,0,0,0,0,0,0,0,0,0,0,0,0,0,0,0,0,0,0,29,5223,0,0,0,0,4,12,0,2,1,0,0,21,0,No Team Selected
3-30,17:49:20,NINTEN,Machamp,Lass,7,Route 24,2,6:00.57,6:00,0h6m0s,0,0,0,20,0:23,7.399,KARATE CHOP,LOW KICK,LEER,,0,1402,56,14,1,56,55,29,7,2621,No Team Selected, ,Fighting,Fighting,5746,Machamp21,Machamp,,00:05:53.17,00:06:00.57,00:23:18.41,20,0,0,6,0,57,KARATE CHOP,LOW KICK,LEER,,13,11,30,0,0,0,0,0,25,73,64,44,38,38,35,1287,1460,1453,1110,1110,1725,15,15,15,15,0,0,0,0,0,0,0,72,44,38,38,35,1971,40649,43247,0,1971,0,0,0,1402,1402,0,0,56,15,14,1,0,0,1667,1090,78,78,50,10,19,0,0,0,0,0,24,0,2,0,0,0,0,0,0,0,0,0,0,0,0,0,0,0,0,0,0,0,0,0,0,0,0,0,0,0,0,31,5611,0,0,0,0,4,12,0,2,1,0,0,21,0,No Team Selected
3-30,17:49:26,NINTEN,Machamp,Jr Trainer M,3,Route 24,1,6:07.25,6:07,0h6m7s,0,0,0,20,0:23,3.958,KARATE CHOP,LOW KICK,LEER,,0,1406,57,15,1,57,56,29,7,2861,No Team Selected, ,Fighting,Fighting,6031,Machamp21,Machamp,,00:06:03.30,00:06:07.25,00:23:45.08,20,0,0,6,7,25,KARATE CHOP,LOW KICK,LEER,,13,10,30,0,0,0,0,0,25,73,64,44,38,38,35,1327,1540,1488,1145,1145,1795,15,15,15,15,0,0,0,0,0,0,0,72,44,38,38,35,1971,40836,44647,0,1971,0,0,0,1406,1406,0,0,57,16,15,1,0,0,1721,1135,78,78,51,10,19,0,0,0,0,0,24,0,2,0,0,0,0,0,0,0,0,0,0,0,0,0,0,0,0,0,0,0,0,0,0,0,0,0,0,0,0,32,5896,0,0,0,0,4,12,0,2,1,0,0,21,0,No Team Selected
3-30,17:49:38,NINTEN,Machamp,Rocket,6,Route 24,2,6:19.53,6:19,0h6m19s,0,0,0,20,0:24,6.368,KARATE CHOP,LOW KICK,LEER,,0,1412,57,16,1,59,58,29,8,3221,No Team Selected, ,Fighting,Fighting,6401,Machamp21,Machamp,,00:06:13.17,00:06:19.53,00:24:33.52,20,0,0,6,19,53,KARATE CHOP,LOW KICK,LEER,,11,10,30,0,0,0,0,0,25,73,64,44,38,38,35,1402,1645,1567,1225,1225,1905,15,15,15,15,0,0,0,0,0,0,0,72,44,38,38,35,1971,41763,46644,0,1971,0,0,0,1412,1412,0,0,57,17,16,1,0,0,1838,1211,78,78,53,10,19,0,0,0,0,0,26,0,2,0,0,0,0,0,0,0,0,0,0,0,0,0,0,0,0,0,0,0,0,0,0,0,0,0,0,0,0,34,6266,0,0,0,0,4,12,0,2,1,0,0,21,0,No Team Selected
3-30,17:49:51,NINTEN,Machamp,Hiker,2,Route 25,2,6:32.20,6:32,0h6m32s,0,0,0,21,0:25,7.134,KARATE CHOP,LOW KICK,LEER,,0,1442,57,17,1,61,60,29,8,3671,No Team Selected, ,Fighting,Fighting,6959,Machamp21,Machamp,,00:06:25.07,00:06:32.20,00:25:24.11,21,0,0,6,32,20,KARATE CHOP,LOW KICK,LEER,,10,9,30,0,0,0,0,0,28,76,68,47,40,40,36,1512,1805,1717,1290,1290,1960,15,15,15,15,0,0,0,0,0,0,0,76,47,40,40,36,1971,42600,48826,0,1971,0,0,0,1442,1442,0,0,57,18,17,1,0,0,1985,1298,78,78,55,10,19,0,0,0,0,0,28,0,2,0,0,0,0,0,0,0,0,0,0,0,0,0,0,0,0,0,0,0,0,0,0,0,0,0,0,0,0,36,6824,0,0,0,0,4,12,0,2,1,0,0,21,0,No Team Selected
3-30,17:50:04,NINTEN,Machamp,Lass,9,Route 25,2,6:45.35,6:45,0h6m45s,0,0,0,21,0:26,6.14,KARATE CHOP,LOW KICK,LEER,,0,1462,62,18,1,63,62,29,9,4196,No Team Selected, ,Fighting,Fighting,7340,Machamp21,Machamp,,00:06:39.20,00:06:45.35,00:26:16.22,21,0,0,6,45,35,KARATE CHOP,LOW KICK,LEER,,8,9,30,0,0,0,0,0,28,76,68,47,40,40,36,1613,1909,1809,1370,1370,2051,15,15,15,15,0,0,0,0,0,0,0,76,47,40,40,36,1971,43787,50770,0,1971,0,0,0,1462,1462,0,0,62,19,18,1,0,0,2092,1382,78,78,57,10,19,0,0,0,0,0,30,0,2,0,0,0,0,0,0,0,0,0,0,0,0,0,0,0,0,0,0,0,0,0,0,0,0,0,0,0,0,38,7205,0,0,0,0,5,12,0,2,1,0,0,21,0,No Team Selected
3-30,17:50:19,NINTEN,Machamp,Hiker,3,Route 25,4,7:00.24,7:00,0h7m0s,0,0,0,22,0:27,11.398,KARATE CHOP,LOW KICK,LEER,,0,1468,62,19,1,67,66,29,9,4421,No Team Selected, ,Fighting,Fighting,8298,Machamp21,Machamp,,00:06:48.83,00:07:00.24,00:27:15.31,22,0,0,7,0,24,KARATE CHOP,LOW KICK,LEER,,8,5,30,0,0,0,0,0,32,80,71,49,42,42,38,1803,2229,2159,1495,1495,2146,15,15,15,15,0,0,0,0,0,0,0,79,49,42,42,38,1971,44141,53965,0,1971,0,0,0,1468,1468,0,0,62,20,19,1,0,0,2451,1530,78,78,61,10,19,0,0,0,0,0,32,0,2,0,0,0,0,0,0,0,0,0,0,0,0,0,0,0,0,0,0,0,0,0,0,0,0,0,0,0,0,42,8163,0,0,0,0,5,12,0,2,1,0,0,21,0,No Team Selected
3-30,17:50:32,NINTEN,Machamp,Oddish Lass,10,Route 25,3,7:13.39,7:13,0h7m13s,0,0,0,23,0:28,9.16,KARATE CHOP,LOW KICK,LEER,,0,1485,62,20,1,70,69,29,9,4876,No Team Selected, ,Fighting,Fighting,8883,Machamp21,Machamp,Oddish Lass,00:07:04.22,00:07:13.39,00:28:07.42,23,0,0,7,13,39,KARATE CHOP,LOW KICK,LEER,,5,5,30,0,0,0,0,0,35,83,74,51,44,44,39,1933,2374,2309,1680,1680,2262,15,15,15,15,0,0,0,0,0,0,0,83,51,44,44,39,1971,44619,56618,0,1971,0,0,0,1485,1485,0,0,62,21,20,1,0,0,2648,1637,78,78,64,10,19,0,0,0,0,0,35,0,2,0,0,0,0,0,0,0,0,0,0,0,0,0,0,0,0,0,0,0,0,0,0,0,0,0,0,0,0,45,8748,0,0,0,0,5,12,0,2,1,0,0,21,0,No Team Selected
3-30,17:51:04,NINTEN,Machamp,Pecking Lass,1,Cerulean City - Gym,1,7:44.65,7:44,0h7m44s,0,0,0,23,0:30,5.772,KARATE CHOP,LOW KICK,LEER,,0,1550,72,21,1,72,71,30,10,5071,No Team Selected, ,Fighting,Fighting,9334,Machamp21,Machamp,,00:07:38.89,00:07:44.65,00:30:11.35,23,0,0,7,44,65,KARATE CHOP,LOW KICK,LEER,,23,20,30,0,0,0,0,0,73,83,74,51,44,44,39,1978,2441,2369,1730,1730,2325,15,15,15,15,0,0,0,0,0,0,0,83,51,44,44,39,1971,49772,58465,433,1971,0,0,0,1550,1550,0,0,72,22,21,1,0,0,2737,1686,88,88,66,10,20,0,0,0,0,0,37,0,2,0,0,0,0,0,0,0,0,0,0,0,0,0,0,0,0,0,0,0,0,0,0,0,0,0,0,0,0,46,9199,0,0,0,0,5,12,0,2,1,0,0,21,0,No Team Selected
3-30,17:51:17,NINTEN,Machamp,Misty,1,Cerulean City - Gym,2,7:57.84,7:57,0h7m57s,0,0,0,24,0:31,9.315,KARATE CHOP,LOW KICK,LEER,,0,1551,77,22,1,75,74,32,10,5451,No Team Selected, ,Fighting,Fighting,10673,Machamp21,Machamp,Misty,00:07:48.52,00:07:57.84,00:31:03.59,24,0,0,7,57,84,KARATE CHOP,LOW KICK,LEER,,21,19,30,0,0,0,0,0,64,87,77,53,46,46,41,2068,2561,2509,1900,1900,2525,15,15,15,15,0,0,0,0,0,0,0,86,53,46,46,41,1971,50207,61174,433,1971,0,0,0,1551,1551,0,0,77,23,22,1,0,0,2847,1786,101,101,69,11,21,0,0,0,0,0,39,0,2,0,0,0,0,0,0,0,0,0,0,0,0,0,0,0,0,0,0,0,0,0,0,0,0,0,0,0,0,48,10538,0,0,0,0,5,12,0,2,1,0,0,21,0,No Team Selected
3-30,17:51:35,NINTEN,Machamp,Cerulean Rocket,5,Cerulean City,2,8:16.42,8:16,0h8m16s,0,0,0,24,0:32,6.466,KARATE CHOP,LOW KICK,LEER,,0,1628,80,23,1,77,76,32,11,7530,No Team Selected, ,Fighting,Fighting,11362,Machamp21,Machamp,Rocket,00:08:09.95,00:08:16.42,00:32:17.32,24,0,0,8,16,42,KARATE CHOP,LOW KICK,LEER,,19,19,30,0,0,0,0,0,64,87,77,53,46,46,41,2198,2689,2604,2025,2025,2602,15,15,15,15,0,0,0,0,0,0,0,86,53,46,46,41,1971,52464,63330,433,1971,0,0,0,1628,1628,0,0,80,24,23,1,0,0,2978,1889,101,101,71,11,21,0,0,0,0,0,41,0,2,0,0,0,0,0,0,0,0,0,0,0,0,0,0,0,0,0,0,0,0,0,0,0,0,0,0,0,0,50,11227,0,0,0,0,5,12,0,2,1,0,0,21,0,No Team Selected
3-30,17:52:01,NINTEN,Machamp,Sandy,3,Route 6,3,8:42.05,8:42,0h8m42s,0,0,0,25,0:33,9.182,KARATE CHOP,LOW KICK,LEER,,0,1774,80,24,1,80,79,32,13,8040,No Team Selected, ,Fighting,Fighting,11923,Machamp21,Machamp,,00:08:32.87,00:08:42.05,00:33:59.09,25,0,0,8,42,5,KARATE CHOP,LOW KICK,LEER,,16,19,30,0,0,0,0,0,67,90,80,55,47,47,43,2318,2824,2724,2130,2130,2770,15,15,15,15,0,0,0,0,0,0,0,90,55,47,47,43,1971,55860,66031,433,1971,0,0,0,1774,1774,0,0,80,25,24,1,0,0,3215,2012,101,101,74,11,21,0,0,0,0,0,44,0,2,0,0,0,0,0,0,0,0,0,0,0,0,0,0,0,0,0,0,0,0,0,0,0,0,0,0,0,0,53,11788,0,0,0,0,6,12,0,2,1,0,0,21,0,No Team Selected
3-30,17:52:10,NINTEN,Machamp,Jr Trainer M,5,Route 6,2,8:51.24,8:51,0h8m51s,0,0,0,25,0:34,6.44,KARATE CHOP,LOW KICK,LEER,,0,1775,80,25,1,82,81,32,13,8360,No Team Selected, ,Fighting,Fighting,12518,Machamp21,Machamp,,00:08:44.81,00:08:51.24,00:34:35.33,25,0,0,8,51,24,KARATE CHOP,LOW KICK,LEER,,15,18,30,0,0,0,0,0,67,90,80,55,47,47,43,2413,2965,2814,2211,2211,2937,15,15,15,15,0,0,0,0,0,0,0,90,55,47,47,43,1971,56027,68048,433,1971,0,0,0,1775,1775,0,0,80,26,25,1,0,0,3426,2099,101,101,76,11,21,0,0,0,0,0,45,0,2,0,0,0,0,0,0,0,0,0,0,0,0,0,0,0,0,0,0,0,0,0,0,0,0,0,0,0,0,55,12383,0,0,0,0,6,12,0,2,1,0,0,21,0,No Team Selected
3-30,17:52:32,NINTEN,Machamp,Sailor,5,SS Anne,2,9:13.47,9:13,0h9m13s,0,0,0,25,0:36,6.308,KARATE CHOP,LOW KICK,LEER,,0,1894,87,26,1,84,83,32,14,7630,No Team Selected, ,Fighting,Fighting,13331,Machamp21,Machamp,,00:09:07.16,00:09:13.47,00:36:03.25,25,0,0,9,13,47,KARATE CHOP,LOW KICK,LEER,,14,17,30,0,0,0,0,0,67,90,80,55,47,47,43,2483,3050,2904,2381,2381,3092,15,15,15,15,0,0,0,0,0,0,0,90,55,47,47,43,1971,59394,69953,433,1971,0,0,0,1894,1894,0,0,87,27,26,1,0,0,3569,2185,101,101,78,11,21,0,0,0,0,0,46,0,2,0,0,0,0,0,0,0,0,0,0,0,0,0,0,0,0,0,0,0,0,0,0,0,0,0,0,0,0,57,13196,0,0,0,0,6,15,0,2,1,0,0,21,0,No Team Selected
3-30,17:52:46,NINTEN,Machamp,Youngster,8,SS Anne,1,9:27.11,9:27,0h9m27s,0,0,0,26,0:36,5.634,LEER,LOW KICK,KARATE CHOP,,0,1954,90,27,1,85,84,32,15,8170,No Team Selected, ,Fighting,Fighting,13601,Machamp21,Machamp,,00:09:21.47,00:09:27.11,00:36:57.22,26,0,0,9,27,11,LEER,LOW KICK,KARATE CHOP,,30,17,13,0,0,0,0,0,70,93,84,57,49,49,45,2529,3107,2944,2421,2421,3142,15,15,15,15,0,0,0,0,0,0,0,94,57,49,49,45,1971,60894,71690,433,1971,0,0,0,1954,1954,0,0,90,28,27,1,0,0,3640,2238,101,101,79,11,21,0,0,0,0,0,47,0,2,0,0,0,0,0,0,0,0,0,0,0,0,0,0,0,0,0,0,0,0,0,0,0,0,0,0,0,0,58,13466,0,0,0,0,7,15,0,2,1,0,0,21,0,No Team Selected
3-30,17:53:08,NINTEN,Machamp,Gentleman,5,SS Anne,2,9:49.51,9:49,0h9m49s,0,0,0,26,0:38,5.749,BODY SLAM,LOW KICK,KARATE CHOP,DIG,0,2010,95,28,1,87,86,32,14,8485,No Team Selected, ,Fighting,Fighting,14485,Machamp21,Machamp,,00:09:43.76,00:09:49.51,00:38:26.03,26,0,0,9,49,51,BODY SLAM,LOW KICK,KARATE CHOP,DIG,13,17,13,10,0,0,0,0,70,93,84,57,49,49,45,2634,3262,3044,2536,2536,3292,15,15,15,15,0,0,0,0,0,0,0,94,57,49,49,45,1971,62652,73449,2237,1971,0,0,0,2010,2010,0,0,95,29,28,1,0,0,3833,2332,101,101,81,11,21,0,0,0,0,0,48,0,2,0,0,0,0,0,0,0,0,0,0,0,0,0,0,0,0,0,0,0,0,0,0,0,0,0,0,0,0,60,14350,0,0,0,0,8,15,0,2,1,2,0,21,0,No Team Selected
3-30,17:53:29,NINTEN,Machamp,Rival3-SS Anne,3,SS Anne,4,10:10.32,10:10,0h10m10s,0,0,0,27,0:39,13.284,BODY SLAM,LOW KICK,KARATE CHOP,DIG,0,2040,99,29,1,92,90,35,14,9675,No Team Selected, ,Fighting,Fighting,16506,Machamp21,Machamp,Rival (SS Anne),00:09:57.04,00:10:10.32,00:39:48.44,27,0,0,10,10,32,BODY SLAM,LOW KICK,KARATE CHOP,DIG,10,17,13,9,0,0,0,0,61,97,87,60,51,51,46,2850,3502,3247,2821,2821,3645,15,15,15,15,0,0,0,0,0,0,0,97,60,51,51,46,1971,64053,77009,2237,1971,0,0,0,2040,2040,0,0,99,30,29,1,0,0,4201,2534,114,114,85,12,23,0,0,0,0,0,48,0,2,0,0,0,0,0,0,0,0,0,0,0,0,0,0,0,0,0,0,0,0,0,0,0,0,0,0,0,0,64,16371,0,0,0,0,9,15,0,2,1,2,0,21,0,No Team Selected
3-30,17:54:20,NINTEN,Machamp,Surge,1,Vermilion City - Gym,3,11:01.19,11:01,0h11m1s,0,0,0,28,0:43,11.006,BODY SLAM,LOW KICK,KARATE CHOP,DIG,0,2225,112,30,1,96,93,36,15,10275,No Team Selected, ,Fighting,Fighting,17911,Machamp21,Machamp,Lt. Surge,00:10:50.19,00:11:01.19,00:43:10.15,28,0,0,11,1,19,BODY SLAM,LOW KICK,KARATE CHOP,DIG,8,17,13,8,0,0,0,0,100,100,90,62,53,53,48,2985,3677,3382,3016,3016,3935,15,15,15,15,0,0,0,0,0,0,0,101,62,53,53,48,1971,71145,80180,4065,1971,0,0,0,2225,2225,0,0,112,31,30,1,0,0,4688,2694,114,114,88,13,23,0,0,0,0,0,50,0,2,0,0,0,0,0,0,0,0,0,0,0,0,0,0,0,0,0,0,0,0,0,0,0,0,0,0,0,0,67,17776,0,0,0,0,9,16,0,2,1,3,0,21,0,No Team Selected
3-30,17:55:14,NINTEN,Machamp,Wrapping Lass,5,Route 9,4,11:55.08,11:55,0h11m55s,0,0,0,28,0:46,9.635,BODY SLAM,LOW KICK,KARATE CHOP,DIG,0,2428,138,31,1,100,97,36,17,12651,No Team Selected, ,Fighting,Fighting,19159,Machamp21,Machamp,RTG1 - Wrapping Lass,00:11:45.44,00:11:55.08,00:46:43.27,28,0,0,11,55,8,BODY SLAM,LOW KICK,KARATE CHOP,DIG,11,20,25,10,0,0,0,0,100,100,90,62,53,53,48,3175,3927,3562,3306,3306,4075,15,15,15,15,0,0,0,0,0,0,0,101,69,53,53,48,1971,79044,83057,6081,1971,0,0,0,2428,2379,49,0,138,32,31,1,0,0,5117,2884,114,114,92,13,23,0,0,0,0,0,51,0,2,0,0,0,0,0,0,0,0,0,0,0,0,0,0,0,0,0,0,0,0,0,0,0,0,0,0,0,0,71,19024,0,0,0,0,9,16,0,2,1,3,0,21,0,No Team Selected
3-30,17:55:27,NINTEN,Machamp,Bug Catcher,14,Route 9,3,12:08.18,12:08,0h12m8s,0,0,0,29,0:47,8.399,BODY SLAM,LOW KICK,KARATE CHOP,DIG,0,2468,140,32,1,103,100,36,17,13011,No Team Selected, ,Fighting,Fighting,19928,Machamp21,Machamp,,00:11:59.78,00:12:08.18,00:47:35.27,29,0,0,12,8,18,BODY SLAM,LOW KICK,KARATE CHOP,DIG,8,20,25,10,0,0,0,0,103,103,93,64,55,55,50,3320,4047,3677,3386,3386,4215,15,15,15,15,0,0,0,0,0,0,0,104,72,55,55,50,1971,79676,85545,6081,1971,0,0,0,2468,2379,89,0,140,33,32,1,0,0,5462,3041,114,114,95,13,23,0,0,0,0,0,52,0,2,0,0,0,0,0,0,0,0,0,0,0,0,0,0,0,0,0,0,0,0,0,0,0,0,0,0,0,0,74,19793,0,0,0,0,9,16,0,2,1,3,0,21,0,No Team Selected
3-30,17:55:44,NINTEN,Machamp,Slowbone,7,Rock Tunnel - 1,2,12:25.28,12:25,0h12m25s,0,0,0,29,0:48,8.156,BODY SLAM,LOW KICK,KARATE CHOP,DIG,0,2578,154,33,1,106,103,37,17,13211,No Team Selected, ,Fighting,Fighting,20842,Machamp21,Machamp,,00:12:17.13,00:12:25.28,00:48:43.19,29,0,0,12,25,28,BODY SLAM,LOW KICK,KARATE CHOP,DIG,6,19,25,10,0,0,0,0,84,103,93,64,55,55,50,3460,4162,3837,3466,3466,4265,15,15,15,15,0,0,0,0,0,0,0,104,72,55,55,50,1971,81133,87882,6359,1971,0,0,0,2578,2379,199,0,154,34,33,1,0,0,5647,3178,133,133,98,13,24,0,0,0,0,0,53,0,2,0,0,0,0,1,0,0,0,0,0,0,0,0,0,0,0,0,0,0,0,0,1,0,0,0,0,0,0,76,20707,0,0,0,0,9,16,0,2,1,3,0,21,0,No Team Selected
3-30,17:55:54,NINTEN,Machamp,Pokemaniac,5,Rock Tunnel,1,12:34.88,12:34,0h12m34s,0,0,0,29,0:49,5.462,BODY SLAM,LOW KICK,KARATE CHOP,DIG,0,2617,155,34,1,108,105,38,17,14361,No Team Selected, ,Fighting,Fighting,21371,Machamp21,Machamp,,00:12:29.41,00:12:34.88,00:49:21.20,29,0,0,12,34,88,BODY SLAM,LOW KICK,KARATE CHOP,DIG,4,19,25,10,0,0,0,0,64,103,93,64,55,55,50,3550,4227,3902,3506,3506,4280,15,15,15,15,0,0,0,0,0,0,0,104,72,55,55,50,1971,81750,89546,6359,1971,0,0,0,2617,2379,238,0,155,35,34,1,0,0,5758,3262,153,153,100,13,25,0,0,0,0,0,53,0,2,0,0,0,0,2,0,0,0,0,0,0,0,0,0,0,0,0,0,0,0,0,2,0,0,0,0,0,0,77,21236,0,0,0,0,9,16,0,2,1,3,0,21,0,No Team Selected
3-30,17:56:03,NINTEN,Machamp,Status-Condition-Jr-Trainer,10,Rock Tunnel,2,12:44.38,12:44,0h12m44s,0,0,0,30,0:49,6.451,BODY SLAM,LOW KICK,KARATE CHOP,DIG,0,2631,157,35,1,110,107,38,17,15611,No Team Selected, ,Fighting,Fighting,22039,Machamp21,Machamp,RTG4 - Status Jr Trainer,00:12:37.93,00:12:44.38,00:49:59.02,30,0,0,12,44,38,BODY SLAM,LOW KICK,KARATE CHOP,DIG,2,19,25,10,0,0,0,0,68,107,96,66,57,57,51,3640,4326,4006,3646,3646,4355,15,15,15,15,0,0,0,0,0,0,0,108,74,57,57,51,1971,82102,91456,6359,1971,0,0,0,2631,2379,252,0,157,36,35,1,0,0,5898,3372,153,153,102,13,25,0,0,0,0,0,53,0,2,0,0,0,0,2,0,0,0,0,0,0,0,0,0,0,0,0,0,0,0,0,2,0,0,0,0,0,0,79,21904,0,0,0,0,9,16,0,2,1,3,0,21,0,No Team Selected
3-30,17:56:25,NINTEN,Machamp,Selfdestructing Hiker,9,Rock Tunnel,3,13:05.58,13:05,0h13m5s,0,0,0,30,0:51,9.009,BODY SLAM,LOW KICK,KARATE CHOP,DIG,0,2745,167,36,1,113,109,39,17,16051,No Team Selected, ,Fighting,Fighting,23416,Machamp21,Machamp,,00:12:56.56,00:13:05.58,00:51:23.09,30,0,0,13,5,58,BODY SLAM,LOW KICK,KARATE CHOP,DIG,2,18,25,9,0,0,0,0,68,107,96,66,57,57,51,3775,4581,4321,3751,3751,4430,15,15,15,15,0,0,0,0,0,0,0,108,74,57,57,51,1971,84383,93974,6607,1971,0,0,0,2745,2379,366,0,167,37,36,1,0,0,6125,3480,153,153,104,14,25,0,0,0,0,0,54,0,2,0,0,0,0,2,0,0,0,0,0,0,0,0,0,0,0,0,0,0,0,0,2,0,0,0,0,0,0,82,23281,0,0,0,0,9,16,0,2,1,3,0,21,0,No Team Selected
3-30,17:56:41,NINTEN,Machamp,Finisher,18,Rock Tunnel - 1,3,13:21.73,13:21,0h13m21s,0,0,0,30,0:52,8.288,BODY SLAM,LOW KICK,KARATE CHOP,DIG,0,2799,176,37,1,116,112,39,16,16786,No Team Selected, ,Fighting,Fighting,24279,Machamp21,Machamp,RTG6 - Finisher,00:13:13.45,00:13:21.73,00:52:27.18,30,0,0,13,21,73,BODY SLAM,LOW KICK,KARATE CHOP,DIG,0,18,24,9,0,0,0,0,68,107,96,66,57,57,51,3900,4721,4451,3901,3901,4606,15,15,15,15,0,0,0,0,0,0,0,108,74,57,57,51,1971,85660,96311,6842,1971,0,0,0,2799,2379,420,0,176,38,37,1,0,0,6416,3629,153,153,107,14,25,0,0,0,0,0,55,0,2,0,0,0,0,2,0,0,0,0,0,0,0,0,0,0,0,0,0,0,0,0,2,0,0,0,0,0,0,85,24144,0,0,0,0,9,16,0,2,1,3,0,21,0,No Team Selected
3-30,17:56:57,NINTEN,Machamp,Gambler,7,Route 8,2,13:37.70,13:37,0h13m37s,0,0,0,31,0:53,8.772,BODY SLAM,LOW KICK,KARATE CHOP,DIG,0,2881,185,38,1,120,114,42,16,17186,No Team Selected, ,Fighting,Fighting,25071,Machamp21,Machamp,,00:13:28.91,00:13:37.70,00:53:30.35,31,0,0,13,37,70,BODY SLAM,LOW KICK,KARATE CHOP,DIG,0,18,24,7,0,0,0,0,71,110,100,69,59,59,53,3993,4832,4536,4016,4016,4731,15,15,15,15,0,0,0,0,0,0,0,112,77,59,59,53,1971,86904,98864,6842,1971,0,0,0,2881,2379,502,0,185,39,38,1,0,0,6814,3749,153,153,109,16,25,0,0,0,0,0,55,0,2,0,0,0,0,2,0,0,0,0,0,0,0,0,0,0,0,0,0,0,0,0,2,0,0,0,0,0,0,87,24936,0,0,0,0,9,16,0,2,1,3,0,21,0,No Team Selected
3-30,17:59:19,NINTEN,Machamp,Rival4-Pkmn Tower,6,Pokemon Tower - 2F,5,16:00.30,16:00,0h16m0s,0,0,0,32,1:02,21.256,BODY SLAM,LOW KICK,ROCK SLIDE,DIG,0,3361,245,39,2,129,120,46,11,1016,No Team Selected, ,Fighting,Fighting,28547,Machamp21,Machamp,Rival (Pokemon Tower),00:15:39.05,00:16:00.30,01:02:55.29,32,0,0,16,0,30,BODY SLAM,LOW KICK,ROCK SLIDE,DIG,12,20,8,9,0,0,0,0,101,114,103,71,61,61,57,4309,5156,4838,4411,4411,10228,15,15,15,15,0,0,0,0,0,0,0,115,79,61,61,57,1971,108522,106024,11958,1971,0,0,0,3361,2801,560,0,245,41,39,2,0,0,7448,4097,165,165,115,17,28,0,0,0,0,0,55,0,2,0,0,0,0,3,0,0,0,0,0,0,0,0,0,0,0,0,0,0,0,0,4,0,1,0,0,0,0,92,28412,0,0,0,0,11,38,7,3,2,5,0,21,0,No Team Selected
3-30,17:59:38,NINTEN,Machamp,Agatha Jr,10,Pokemon Tower - 4F,2,16:18.59,16:18,0h16m18s,0,0,0,32,1:04,7.655,BODY SLAM,LOW KICK,ROCK SLIDE,DIG,0,3411,250,40,2,132,122,47,11,2641,No Team Selected, ,Fighting,Fighting,29483,Machamp21,Machamp,,00:16:10.92,00:16:18.59,01:04:08.00,32,0,0,16,18,59,BODY SLAM,LOW KICK,ROCK SLIDE,DIG,12,20,7,8,0,0,0,0,101,114,103,71,61,61,57,4369,5226,4898,4611,4611,10388,15,15,15,15,0,0,0,0,0,0,0,115,79,61,61,57,1971,110605,108292,11958,1971,0,0,0,3411,2851,560,0,250,42,40,2,0,0,8038,4197,165,165,117,18,28,0,0,0,0,0,56,0,2,0,0,0,0,3,0,0,0,0,0,0,0,0,0,0,0,0,0,0,0,0,4,0,1,0,0,0,0,94,29348,0,0,0,0,11,38,7,3,2,5,0,21,0,No Team Selected
3-30,17:59:56,NINTEN,Machamp,Channeler,21,Pokemon Tower - 6F,1,16:36.79,16:36,0h16m36s,0,0,0,33,1:05,5.266,BODY SLAM,LOW KICK,ROCK SLIDE,DIG,0,3481,267,41,2,133,123,47,11,3331,No Team Selected, ,Fighting,Fighting,29970,Machamp21,Machamp,,00:16:31.52,00:16:36.79,01:05:20.15,33,0,0,16,36,79,BODY SLAM,LOW KICK,ROCK SLIDE,DIG,15,20,9,10,0,0,0,0,117,117,106,73,63,63,59,4399,5261,4928,4711,4711,10468,15,15,15,15,0,0,0,0,0,0,0,119,82,63,63,59,1971,113308,109924,11958,1971,0,0,0,3481,2921,560,0,267,43,41,2,0,0,8139,4249,165,165,118,18,28,0,0,0,0,0,56,0,2,0,0,0,0,3,0,0,0,0,0,0,0,0,0,0,0,0,0,0,0,0,4,0,1,0,0,0,0,95,29835,0,0,0,0,13,38,7,3,2,5,0,21,0,No Team Selected
3-30,18:00:03,NINTEN,Machamp,Channeler,20,Pokemon Tower - 6F,1,16:44.00,16:44,0h16m44s,0,0,0,33,1:05,4.5,BODY SLAM,LOW KICK,ROCK SLIDE,DIG,0,3490,269,42,2,134,124,47,11,4051,No Team Selected, ,Fighting,Fighting,30457,Machamp21,Machamp,,00:16:39.50,00:16:44.00,01:05:48.54,33,0,0,16,44,0,BODY SLAM,LOW KICK,ROCK SLIDE,DIG,15,20,8,10,0,0,0,0,117,117,106,73,63,63,59,4429,5296,4958,4811,4811,10548,15,15,15,15,0,0,0,0,0,0,0,119,82,63,63,59,1971,113561,111390,11958,1971,0,0,0,3490,2930,560,0,269,44,42,2,0,0,8246,4301,165,165,119,18,28,0,0,0,0,0,56,0,2,0,0,0,0,3,0,0,0,0,0,0,0,0,0,0,0,0,0,0,0,0,4,0,1,0,0,0,0,96,30322,0,0,0,0,13,38,7,3,2,5,0,21,0,No Team Selected
3-30,18:00:23,NINTEN,Machamp,Rocket,19,Pokemon Tower - 7F,3,17:04.30,17:04,0h17m4s,0,0,0,33,1:07,8.663,BODY SLAM,LOW KICK,ROCK SLIDE,DIG,0,3516,270,43,3,137,127,47,11,4771,No Team Selected, ,Fighting,Fighting,31948,Machamp21,Machamp,,00:16:55.65,00:17:04.30,01:07:09.29,33,0,0,17,4,30,BODY SLAM,LOW KICK,ROCK SLIDE,DIG,13,20,7,10,0,0,0,0,117,117,106,73,63,63,59,4584,5466,5098,4966,4966,10748,15,15,15,15,0,0,0,0,0,0,0,119,82,63,63,59,1971,114743,115043,11958,1971,0,0,0,3516,2956,560,0,270,46,43,3,0,0,8585,4495,165,165,122,18,28,0,0,0,0,0,56,0,2,0,0,0,0,3,0,0,0,0,0,0,0,0,0,0,0,0,0,0,0,0,4,0,1,0,0,0,0,99,31813,0,0,0,0,14,38,7,3,2,5,0,21,0,No Team Selected
3-30,18:00:36,NINTEN,Machamp,Rocket,20,Pokemon Tower - 7F,2,17:16.82,17:16,0h17m16s,0,0,0,34,1:07,8.352,BODY SLAM,LOW KICK,ROCK SLIDE,DIG,0,3518,270,44,3,140,129,48,11,5521,No Team Selected, ,Fighting,Fighting,33149,Machamp21,Machamp,,00:17:08.47,00:17:16.82,01:07:59.10,34,0,0,17,16,82,BODY SLAM,LOW KICK,ROCK SLIDE,DIG,12,20,7,9,0,0,0,0,121,121,109,75,65,65,61,4684,5579,5238,5116,5116,10825,15,15,15,15,0,0,0,0,0,0,0,122,84,65,65,61,1971,115354,117413,11958,1971,0,0,0,3518,2958,560,0,270,47,44,3,0,0,8836,4626,165,165,124,19,28,0,0,0,0,0,57,0,2,0,0,0,0,3,0,0,0,0,0,0,0,0,0,0,0,0,0,0,0,0,4,0,1,0,0,0,0,101,33014,0,0,0,0,14,38,7,3,2,5,0,21,0,No Team Selected
3-30,18:00:49,NINTEN,Machamp,Rocket,21,Pokemon Tower - 7F,4,17:30.14,17:30,0h17m30s,0,0,0,34,1:08,9.642,BODY SLAM,LOW KICK,ROCK SLIDE,DIG,0,3520,270,45,3,144,133,48,11,6301,No Team Selected, ,Fighting,Fighting,34530,Machamp21,Machamp,,00:17:20.49,00:17:30.14,01:08:52.04,34,0,0,17,30,14,BODY SLAM,LOW KICK,ROCK SLIDE,DIG,8,20,7,9,0,0,0,0,121,121,109,75,65,65,61,4849,5806,5403,5271,5271,11104,15,15,15,15,0,0,0,0,0,0,0,122,84,65,65,61,1971,115839,120102,11958,1971,0,0,0,3520,2960,560,0,270,48,45,3,0,0,9297,4847,165,165,128,19,28,0,0,0,0,0,57,0,2,0,0,0,0,3,0,0,0,0,0,0,0,0,0,0,0,0,0,0,0,0,4,0,1,0,0,0,0,105,34395,0,0,0,0,14,38,7,3,2,5,0,21,0,No Team Selected
3-30,18:01:27,NINTEN,Machamp,Rocket,39,Silph Co - 10F,1,18:08.32,18:08,0h18m8s,0,0,0,34,1:11,6.929,DIG,LOW KICK,ROCK SLIDE,BODY SLAM,0,3675,275,46,3,147,135,50,11,6991,No Team Selected, ,Fighting,Fighting,35562,Machamp21,Machamp,,00:18:01.39,00:18:08.32,01:11:23.05,34,0,0,18,8,32,DIG,LOW KICK,ROCK SLIDE,BODY SLAM,8,20,7,7,0,0,0,0,92,121,109,75,65,65,61,4929,5906,5473,5321,5321,11149,15,15,15,15,0,0,0,0,0,0,0,122,84,65,65,61,1971,122285,122237,12438,1971,0,0,0,3675,3115,560,0,275,49,46,3,0,0,9412,4948,194,194,130,20,29,0,0,0,0,0,57,0,3,0,0,0,0,3,0,0,0,0,0,0,0,0,0,0,0,0,0,0,0,0,4,0,1,0,0,0,0,106,35427,0,0,0,0,14,38,7,3,2,5,0,21,0,No Team Selected
3-30,18:02:10,NINTEN,Machamp,Biker,8,Route 17,3,18:51.51,18:51,0h18m51s,0,0,0,35,1:14,10.043,EARTHQUAKE,LOW KICK,ROCK SLIDE,BODY SLAM,0,3806,282,47,4,150,138,50,11,7981,No Team Selected, ,Fighting,Fighting,38322,Machamp21,Machamp,,00:18:41.46,00:18:51.51,01:14:14.15,35,0,0,18,51,51,EARTHQUAKE,LOW KICK,ROCK SLIDE,BODY SLAM,7,20,7,7,0,0,0,0,95,124,113,77,67,67,64,5099,6151,5808,5551,5551,13864,15,15,15,15,0,0,0,0,0,0,0,127,86,67,67,64,1971,125678,125789,15763,1971,0,0,0,3806,3143,663,0,282,51,47,4,1,0,9802,5168,194,194,133,20,29,0,0,0,0,0,58,0,3,0,0,0,0,3,0,0,0,0,0,0,0,0,0,0,0,0,0,0,0,0,4,0,1,0,0,0,0,109,38187,0,0,0,0,17,38,7,3,2,6,0,21,0,No Team Selected
3-30,18:02:42,NINTEN,Machamp,Biker,12,Route 17,5,19:22.86,19:22,0h19m22s,0,0,0,36,1:16,16.991,EARTHQUAKE,LOW KICK,ROCK SLIDE,BODY SLAM,0,3934,300,48,4,155,143,50,11,8541,No Team Selected, ,Fighting,Fighting,42002,Machamp21,Machamp,,00:19:05.86,00:19:22.86,01:16:18.52,36,0,0,19,22,86,EARTHQUAKE,LOW KICK,ROCK SLIDE,BODY SLAM,4,20,7,7,1,0,0,0,99,128,116,80,69,69,65,5349,6526,6333,5901,5901,14089,15,15,15,15,0,0,0,0,0,0,0,130,90,69,69,65,1971,127945,130332,16430,1971,0,0,0,3934,3143,791,0,300,52,48,4,1,0,10493,5487,194,194,138,20,29,0,0,0,0,0,59,0,3,0,0,0,0,3,0,0,0,0,0,0,0,0,0,0,0,0,0,0,0,0,4,0,1,0,0,0,0,114,41867,0,0,0,0,19,38,7,3,2,6,0,21,0,No Team Selected
3-30,18:03:06,NINTEN,Machamp,Juggler,3,Fuchsia City - Gym,4,19:46.82,19:46,0h19m46s,0,0,0,37,1:17,12.667,EARTHQUAKE,LOW KICK,ROCK SLIDE,BODY SLAM,0,4053,307,49,4,159,147,51,11,9041,No Team Selected, ,Fighting,Fighting,44993,Machamp21,Machamp,,00:19:34.16,00:19:46.82,01:17:53.54,37,0,0,19,46,82,EARTHQUAKE,LOW KICK,ROCK SLIDE,BODY SLAM,4,20,7,3,1,0,0,0,48,131,119,82,71,71,67,5569,6705,6498,6291,6291,14320,15,15,15,15,0,0,0,0,0,0,0,133,92,71,71,67,1971,130147,133832,16430,1971,0,0,0,4053,3206,847,0,307,53,49,4,1,0,10887,5806,248,248,142,20,30,0,0,0,0,0,59,0,3,0,0,0,0,3,0,0,0,0,0,0,0,0,0,0,0,0,0,0,0,0,4,0,1,0,0,0,0,118,44858,0,0,0,0,19,38,7,3,2,6,0,21,0,No Team Selected
3-30,18:03:25,NINTEN,Machamp,Juggler,4,Fuchsia City - Gym,2,20:05.86,20:05,0h20m5s,0,0,0,37,1:19,9.906,EARTHQUAKE,LOW KICK,ROCK SLIDE,BODY SLAM,0,4078,310,50,4,163,151,53,10,10126,No Team Selected,Poisoned,Fighting,Fighting,46936,Machamp21,Machamp,,00:19:55.94,00:20:05.86,01:19:09.28,37,0,0,20,5,86,EARTHQUAKE,LOW KICK,ROCK SLIDE,BODY SLAM,4,20,6,0,1,0,0,0,123,131,119,82,71,71,67,5714,6826,6613,6496,6496,14429,15,15,15,15,0,0,0,0,0,0,0,133,92,71,71,67,1971,131123,136672,17148,1971,0,0,0,4078,3231,847,0,310,54,50,4,1,0,11181,6003,256,256,146,21,31,0,0,0,0,0,59,0,3,0,0,0,0,3,0,0,0,0,1,0,0,0,0,0,0,0,0,0,0,0,4,0,1,0,0,0,0,120,46801,0,0,0,0,19,38,7,3,2,6,0,21,0,No Team Selected
3-30,18:03:52,NINTEN,Machamp,Koga,1,Fuchsia City - Gym,4,20:32.83,20:32,0h20m32s,0,0,0,38,1:20,18.607,EARTHQUAKE,LOW KICK,ROCK SLIDE,BODY SLAM,1,4083,311,51,4,170,158,56,10,11316,No Team Selected,Poisoned,Fighting,Fighting,51646,Machamp21,Machamp,Koga,00:20:14.23,00:20:32.83,01:20:56.41,38,0,0,20,32,83,EARTHQUAKE,LOW KICK,ROCK SLIDE,BODY SLAM,0,20,3,0,1,0,0,0,115,135,123,84,73,73,69,5964,7151,6998,6766,6766,14609,15,15,15,15,0,0,0,0,0,0,0,138,94,73,73,69,1971,131686,141563,18127,1971,1,0,0,4083,3236,847,0,311,55,51,4,1,0,11696,6419,268,268,153,21,33,0,0,0,0,0,60,0,3,0,0,0,0,3,0,0,0,0,1,0,1,0,0,0,0,0,0,0,0,0,4,0,1,0,0,0,0,124,51511,0,0,0,0,19,38,7,3,2,6,0,21,0,No Team Selected
3-30,18:05:27,NINTEN,Machamp,Cooltrainer F,1,Celadon City - Gym,3,22:08.53,22:08,0h22m8s,0,0,0,39,1:27,9.004,EARTHQUAKE,LOW KICK,ROCK SLIDE,BODY SLAM,1,4657,362,52,4,173,161,56,13,15073,No Team Selected, ,Fighting,Fighting,53823,Machamp21,Machamp,,00:21:59.53,00:22:08.53,01:27:16.12,39,0,0,22,8,53,EARTHQUAKE,LOW KICK,ROCK SLIDE,BODY SLAM,12,20,10,12,1,0,0,0,138,138,127,87,75,75,72,6149,9928,7181,7016,7016,17324,15,15,15,15,0,0,0,0,0,0,0,142,97,75,75,81,1971,145748,144262,24137,1971,1,0,0,4657,3471,1186,0,362,56,52,4,1,0,12084,6620,268,268,156,21,33,0,0,0,0,0,61,0,3,0,0,0,0,3,0,0,0,0,1,0,1,0,0,0,0,0,0,0,0,0,4,0,1,0,0,0,0,127,53688,0,0,0,0,23,38,7,3,2,6,0,21,0,No Team Selected
3-30,18:05:48,NINTEN,Machamp,Erika,1,Celadon City - Gym,3,22:28.58,22:28,0h22m28s,0,0,0,42,1:28,9.486,EARTHQUAKE,LOW KICK,ROCK SLIDE,BODY SLAM,1,4660,362,53,4,176,164,56,13,15913,No Team Selected, ,Fighting,Fighting,69687,Machamp21,Machamp,Erika,00:22:19.10,00:22:28.58,01:28:35.49,42,0,0,22,28,58,EARTHQUAKE,LOW KICK,ROCK SLIDE,BODY SLAM,10,20,10,11,1,0,0,0,148,148,137,93,81,81,77,6369,10168,7446,7316,7316,17504,15,15,15,15,0,0,0,0,0,0,0,154,104,81,81,86,1971,146562,147004,25358,1971,1,0,0,4660,3474,1186,0,362,57,53,4,1,0,12350,6866,268,268,159,21,33,0,0,0,0,0,61,0,3,0,0,0,0,3,0,0,0,0,1,0,1,0,0,0,0,0,0,0,0,0,4,0,1,0,0,0,0,130,56870,0,0,0,0,23,38,7,3,2,6,0,21,0,No Team Selected
3-30,18:06:18,NINTEN,Machamp,Rocket,28,Silph Co - 5F,1,22:59.20,22:59,0h22m59s,0,0,0,42,1:30,4.126,EARTHQUAKE,LOW KICK,ROCK SLIDE,BODY SLAM,1,4793,368,54,4,177,165,56,14,18784,No Team Selected, ,Fighting,Fighting,70726,Machamp21,Machamp,,00:22:55.06,00:22:59.20,01:30:36.39,42,0,0,22,59,20,EARTHQUAKE,LOW KICK,ROCK SLIDE,BODY SLAM,11,20,10,15,1,0,0,0,148,148,137,93,81,81,77,6429,10253,7515,7381,7381,17584,15,15,15,15,0,0,0,0,0,0,0,154,104,81,81,86,1971,151461,148482,26231,1971,1,0,0,4793,3607,1186,0,368,58,54,4,1,0,12531,6953,268,268,160,21,33,0,0,0,0,0,61,0,3,0,0,0,0,3,0,0,0,0,1,0,1,0,0,0,0,0,0,0,0,0,4,0,1,0,0,0,0,131,57909,0,0,0,0,24,38,7,3,2,6,0,21,0,No Team Selected
3-30,18:07:01,NINTEN,Machamp,Rival5-Silph,9,Silph Co - 7F,5,23:42.32,23:42,0h23m42s,0,0,0,44,1:33,24.255,EARTHQUAKE,LOW KICK,ROCK SLIDE,BODY SLAM,2,4881,374,55,4,184,172,60,16,19774,No Team Selected, ,Fighting,Fighting,77678,Machamp21,Machamp,Rival (Silph Co.),00:23:18.06,00:23:42.32,01:33:27.45,44,0,0,23,42,32,EARTHQUAKE,LOW KICK,ROCK SLIDE,BODY SLAM,10,20,7,12,1,0,0,0,98,155,144,98,85,85,81,6800,10632,7872,7831,7831,18016,15,15,15,15,0,-1,0,0,0,0,0,162,72,85,85,91,1971,155073,154652,26715,1971,2,0,0,4881,3695,1186,0,374,59,55,4,1,0,13380,7490,325,325,167,22,36,0,0,0,0,0,62,0,3,0,0,0,0,4,0,0,0,0,1,0,1,0,0,0,0,0,0,0,0,0,6,0,1,0,0,0,0,136,64861,0,0,0,0,26,38,7,3,2,6,0,21,0,No Team Selected
3-30,18:07:25,NINTEN,Machamp,Rocket,41,Silph Co - 11F,3,24:06.02,24:06,0h24m6s,0,0,0,44,1:35,12.552,EARTHQUAKE,LOW KICK,ROCK SLIDE,BODY SLAM,2,4905,376,56,4,189,177,62,16,22374,No Team Selected, ,Fighting,Fighting,79821,Machamp21,Machamp,,00:23:53.47,00:24:06.02,01:35:01.53,44,0,0,24,6,2,EARTHQUAKE,LOW KICK,ROCK SLIDE,BODY SLAM,8,20,7,9,1,0,0,0,98,155,144,98,85,85,81,6970,10810,8122,8011,8011,18138,15,15,15,15,0,-1,0,0,0,0,0,182,72,85,85,102,1971,157208,158165,26715,1971,2,0,0,4905,3719,1186,0,376,60,56,4,1,0,13874,7739,325,325,172,22,37,0,0,0,0,0,63,0,3,0,0,0,0,4,0,0,0,0,1,0,1,0,0,0,0,0,0,0,0,0,6,0,1,0,0,0,0,139,67004,0,0,0,0,26,38,7,3,2,6,0,21,0,No Team Selected
3-30,18:07:44,NINTEN,Machamp,Giovanni-Silph,2,Silph Co - 11F,4,24:24.75,24:24,0h24m24s,0,0,0,45,1:36,13.396,EARTHQUAKE,LOW KICK,ROCK SLIDE,BODY SLAM,2,4912,376,57,4,193,181,62,16,23334,No Team Selected, ,Fighting,Fighting,84840,Machamp21,Machamp,Giovanni (Silph),00:24:11.35,00:24:24.75,01:36:16.23,45,0,0,24,24,75,EARTHQUAKE,LOW KICK,ROCK SLIDE,BODY SLAM,5,19,7,9,1,0,0,0,101,158,147,100,86,86,83,7306,11144,8441,8211,8211,18394,15,15,15,15,0,0,0,0,0,0,0,165,112,86,86,93,1971,158008,161835,26715,1971,2,0,0,4912,3726,1186,0,376,61,57,4,1,0,14597,8204,325,325,176,22,37,0,0,0,0,0,64,0,3,0,0,0,0,4,0,0,0,0,1,0,1,0,0,0,0,0,0,0,0,0,6,0,1,0,0,0,0,143,72023,0,0,0,0,26,38,7,3,2,6,0,21,0,No Team Selected
3-30,18:08:31,NINTEN,Machamp,Sabrina,1,Saffron City - Gym,4,25:11.95,25:11,0h25m11s,0,0,0,46,1:39,14.505,EARTHQUAKE,LOW KICK,ROCK SLIDE,BODY SLAM,3,5050,395,58,4,197,185,63,17,27393,No Team Selected, ,Fighting,Fighting,89933,Machamp21,Machamp,Sabrina,00:24:57.43,00:25:11.95,01:39:22.58,46,0,0,25,11,95,EARTHQUAKE,LOW KICK,ROCK SLIDE,BODY SLAM,11,20,9,13,1,0,0,0,60,162,150,102,89,89,85,7511,11339,8641,8656,8656,18799,15,15,15,15,0,0,0,0,0,0,0,168,114,89,89,95,1971,164143,165784,27826,1971,3,0,0,5050,3825,1225,0,395,62,58,4,1,0,15194,8584,427,427,180,22,38,0,0,0,0,0,65,0,3,0,0,0,0,4,0,0,0,0,1,0,1,0,0,0,0,0,0,0,0,0,6,0,1,0,0,0,0,147,77116,0,0,0,0,26,38,7,3,2,6,0,21,0,No Team Selected
3-30,18:10:42,NINTEN,Machamp,Blaine,1,Cinnabar Island - Gym,4,27:23.12,27:23,0h27m23s,0,0,0,46,1:48,12.854,EARTHQUAKE,LOW KICK,ROCK SLIDE,BODY SLAM,4,5544,440,59,4,201,189,65,19,31650,No Team Selected, ,Fighting,Fighting,95927,Machamp21,Machamp,Blaine,00:27:10.26,00:27:23.12,01:48:03.07,46,0,0,27,23,12,EARTHQUAKE,LOW KICK,ROCK SLIDE,BODY SLAM,8,20,10,15,1,0,0,0,162,162,150,102,89,89,85,7771,11704,8891,8931,8931,21709,15,15,15,15,0,0,0,0,0,0,0,168,114,89,89,95,1971,183547,169511,35904,1971,4,0,0,5544,4218,1225,0,440,63,59,4,1,0,16140,9046,427,427,184,24,38,0,0,0,0,0,66,0,3,0,0,0,0,4,0,0,0,0,1,0,1,0,0,0,0,0,0,0,0,0,6,0,1,0,0,0,0,151,83110,0,0,0,0,31,38,7,3,2,8,0,21,0,No Team Selected
3-30,18:11:10,NINTEN,Machamp,Cooltrainer M,10,Viridian City - Gym,1,27:51.36,27:51,0h27m51s,0,0,0,47,1:49,5.082,EARTHQUAKE,LOW KICK,ROCK SLIDE,BODY SLAM,4,5627,446,60,4,202,190,65,20,36303,No Team Selected, ,Fighting,Fighting,97170,Machamp21,Machamp,,00:27:46.27,00:27:51.36,01:49:54.51,47,0,0,27,51,36,EARTHQUAKE,LOW KICK,ROCK SLIDE,BODY SLAM,11,20,10,15,1,0,0,0,166,166,153,105,91,91,88,7851,11789,8986,8961,8961,21734,15,15,15,15,0,0,0,0,0,0,0,172,118,102,102,99,1971,187627,171268,36771,1971,4,0,0,5627,4301,1225,0,446,64,60,4,1,0,16275,9174,427,427,185,24,38,0,0,0,0,0,66,0,3,0,0,0,0,4,0,0,0,0,1,0,1,0,0,0,0,0,0,0,0,0,6,0,1,0,0,0,0,152,84353,0,0,0,0,31,38,7,3,2,8,0,21,0,No Team Selected
3-30,18:11:25,NINTEN,Machamp,Blackbelt,8,Viridian City - Gym,3,28:06.17,28:06,0h28m6s,0,0,0,47,1:50,10.974,EARTHQUAKE,LOW KICK,ROCK SLIDE,BODY SLAM,4,5635,447,61,4,207,195,66,20,37808,No Team Selected, ,Fighting,Fighting,100261,Machamp21,Machamp,,00:27:55.19,00:28:06.17,01:50:53.41,47,0,0,28,6,17,EARTHQUAKE,LOW KICK,ROCK SLIDE,BODY SLAM,11,20,10,10,1,0,0,0,166,166,153,105,91,91,88,8081,12069,9176,9096,9096,21859,15,15,15,15,0,-1,0,0,0,0,0,193,77,114,114,111,1971,188046,174380,36771,1971,4,0,0,5635,4309,1225,0,447,65,61,4,1,0,16825,9509,427,427,190,24,39,0,0,0,0,0,67,0,3,0,0,0,0,4,0,0,0,0,1,0,1,0,0,0,0,0,0,0,0,0,6,0,1,0,0,0,0,155,87444,0,0,0,0,31,38,7,3,2,8,0,21,0,No Team Selected
3-30,18:12:00,NINTEN,Machamp,Giovanni,3,Viridian City - Gym,5,28:40.92,28:40,0h28m40s,0,0,0,48,1:53,21.848,EARTHQUAKE,LOW KICK,ROCK SLIDE,BODY SLAM,5,5703,458,62,4,215,203,70,20,38758,No Team Selected, ,Fighting,Fighting,108830,Machamp21,Machamp,Giovanni,00:28:19.07,00:28:40.92,01:53:11.46,48,0,0,28,40,92,EARTHQUAKE,LOW KICK,ROCK SLIDE,BODY SLAM,5,20,10,8,1,0,0,0,121,169,157,107,93,93,89,8472,12538,9605,9391,9391,22205,15,15,15,15,0,0,0,0,0,-1,0,176,120,104,104,100,1971,190158,180027,37296,1971,5,0,0,5703,4377,1225,0,458,66,62,4,1,0,17643,10179,475,475,197,25,42,0,0,0,0,0,67,0,3,0,0,0,0,4,0,0,0,0,1,0,1,0,0,0,0,0,0,0,0,0,6,0,1,0,0,0,0,160,96013,0,0,0,0,31,38,7,3,2,8,0,21,0,No Team Selected
3-30,18:13:03,NINTEN,Machamp,Rival6-Route 22,12,Route 22,6,29:44.28,29:44,0h29m44s,0,0,0,50,1:57,32.646,EARTHQUAKE,MIMIC,ROCK SLIDE,BODY SLAM,6,5811,466,63,4,227,215,77,18,43708,No Team Selected, ,Fighting,Fighting,119325,Machamp21,Machamp,Rival (Final),00:29:11.64,00:29:44.28,01:57:23.33,50,0,0,29,44,28,EARTHQUAKE,MIMIC,ROCK SLIDE,BODY SLAM,3,6,5,7,1,0,0,0,76,176,164,112,97,97,93,8923,13002,10057,9871,9871,22662,15,15,15,15,0,-1,0,0,6,0,0,184,82,109,109,418,1971,192938,188512,41138,1971,6,0,0,5811,4417,1293,0,466,67,63,4,1,0,18943,11001,575,575,205,26,46,0,0,0,0,0,67,0,3,0,0,0,0,4,0,0,0,0,1,0,1,0,0,0,0,0,0,0,0,0,6,0,1,0,0,0,0,166,106508,0,0,0,0,31,38,7,3,2,9,0,21,0,No Team Selected
3-30,18:16:00,NINTEN,Machamp,Lorelei,1,Lorelei's Room,5,32:40.72,32:40,0h32m40s,0,0,0,58,2:09,35.144,EARTHQUAKE,MIMIC,ROCK SLIDE,BODY SLAM,7,6513,632,64,4,242,230,86,17,35153,No Team Selected, ,Fighting,Fighting,189565,Machamp21,Machamp,Lorelei,00:32:05.58,00:32:40.72,02:09:04.33,58,0,0,32,40,72,EARTHQUAKE,MIMIC,ROCK SLIDE,BODY SLAM,7,6,4,15,1,0,0,0,168,203,190,129,112,112,108,9353,13377,10542,10321,10321,22987,15,15,15,15,0,0,6,6,0,0,0,213,145,504,504,121,1971,217846,197411,49391,1971,7,0,0,6513,4461,1915,0,632,68,64,4,1,0,20340,11987,610,610,216,28,48,0,0,0,0,0,69,0,3,0,1,0,0,4,0,0,0,0,1,0,1,0,0,0,1,0,0,0,0,0,6,0,1,1,0,0,0,171,117017,0,0,0,0,32,42,7,3,2,9,0,21,0,No Team Selected
3-30,18:16:26,NINTEN,Machamp,Bruno,1,Bruno's Room,5,33:07.33,33:07,0h33m7s,0,0,0,58,2:10,20.564,EARTHQUAKE,MIMIC,ROCK SLIDE,BODY SLAM,7,6526,633,65,4,250,238,89,17,40697,No Team Selected, ,Fighting,Fighting,197772,Machamp21,Machamp,Bruno,00:32:46.77,00:33:07.33,02:10:50.19,58,0,0,33,7,33,EARTHQUAKE,MIMIC,ROCK SLIDE,BODY SLAM,0,6,4,14,1,0,0,0,168,203,190,129,112,112,108,9613,13822,11074,10516,10516,23345,15,15,15,15,0,0,0,0,0,0,0,213,145,126,126,121,1971,218796,202807,49391,1971,7,0,0,6526,4474,1915,0,633,69,65,4,1,0,21400,12646,610,610,224,28,48,0,0,0,0,0,72,0,3,0,1,0,0,4,0,0,0,0,1,0,1,0,0,0,1,0,0,0,0,0,6,0,1,1,0,0,0,176,125224,0,0,0,0,32,42,7,3,2,9,0,21,0,No Team Selected
3-30,18:17:00,NINTEN,Machamp,Agatha,1,Agatha's Room,5,33:40.72,33:40,0h33m40s,0,0,0,59,2:13,19.207,EARTHQUAKE,MIMIC,ROCK SLIDE,BODY SLAM,8,6537,635,66,4,255,243,91,16,46439,No Team Selected, ,Fighting,Fighting,207858,Machamp21,Machamp,Agatha,00:33:21.52,00:33:40.72,02:13:03.02,59,0,0,33,40,72,EARTHQUAKE,MIMIC,ROCK SLIDE,BODY SLAM,6,10,9,15,1,0,0,0,147,207,193,132,114,114,110,9913,14167,11378,11031,11031,23830,15,15,15,15,0,0,0,0,0,0,0,217,148,128,128,123,1971,219719,207885,51353,1971,8,0,0,6537,4485,1915,0,635,70,66,4,1,0,22826,13366,670,670,229,28,50,0,0,0,0,0,74,0,3,0,2,0,0,4,0,0,0,0,1,0,1,0,0,0,2,0,0,0,0,0,6,0,1,1,0,0,0,181,135310,0,0,0,0,32,42,7,3,2,9,0,21,0,No Team Selected
3-30,18:17:48,NINTEN,Machamp,Lance,1,Lance's Room,5,34:29.47,34:29,0h34m29s,0,0,0,60,2:16,34.475,EARTHQUAKE,MIMIC,ROCK SLIDE,BODY SLAM,9,6587,637,67,4,269,257,100,16,52379,No Team Selected, ,Fighting,Fighting,219464,Machamp21,Machamp,Lance,00:33:54.98,00:34:29.47,02:16:16.51,60,0,0,34,29,47,EARTHQUAKE,MIMIC,ROCK SLIDE,BODY SLAM,9,6,5,13,1,0,0,0,130,211,197,135,116,116,111,10301,14699,11747,11431,11431,24261,15,15,15,15,0,0,0,0,6,0,0,313,213,184,184,499,1971,221479,216549,52558,1971,9,0,0,6587,4535,1915,0,637,71,67,4,1,0,24151,14370,751,751,239,29,51,0,0,0,0,0,75,0,3,0,2,0,0,4,0,0,0,0,1,0,1,0,0,0,2,0,0,0,0,0,6,0,1,1,0,0,0,186,146916,0,0,0,0,32,42,7,3,2,9,0,21,0,No Team Selected
3-30,18:19:14,NINTEN,Machamp,Champion,3,Champions Room,6,35:54.95,35:54,0h35m54s,0,0,0,62,2:21,65.604,EARTHQUAKE,REST,ROCK SLIDE,BODY SLAM,10,6595,637,68,4,292,270,120,15,58517,No Team Selected, ,Fighting,Fighting,235295,Machamp21,Machamp,Champion,00:34:49.35,00:35:54.95,02:21:56.58,62,0,0,35,54,95,EARTHQUAKE,REST,ROCK SLIDE,BODY SLAM,10,5,7,12,1,0,0,0,128,218,204,139,120,120,115,10812,15263,12229,11991,11991,24748,15,15,15,15,0,-5,0,0,0,0,0,229,42,135,135,129,1971,223127,232737,55129,1971,10,0,0,6595,4543,1915,0,637,72,68,4,1,0,25819,15487,1184,1184,247,31,63,0,0,0,0,0,75,0,5,0,2,0,0,5,0,0,0,0,1,0,1,0,0,0,2,0,0,0,0,0,7,0,6,1,0,0,0,192,162747,0,0,0,0,32,42,7,3,2,10,0,21,0,No Team Selected
3-30,18:19:37,NINTEN,Machamp,Champion,3,Hall of Fame,6,35:54.96,35:54,0h35m54s,0,0,0,62,2:23,88.36,EARTHQUAKE,REST,ROCK SLIDE,BODY SLAM,10,6604,638,68,4,292,270,120,15,64952,No Team Selected, ,Fighting,Fighting,235295,Machamp21,Machamp,Champion,00:34:49.35,00:35:54.96,02:23:27.25,62,0,0,35,54,96,EARTHQUAKE,REST,ROCK SLIDE,BODY SLAM,10,5,7,12,1,0,0,0,128,218,204,139,120,120,115,10812,15263,12229,11991,11991,24748,15,15,15,15,0,-5,0,0,0,0,0,229,42,135,135,129,1971,228091,233200,55129,1971,10,0,0,6604,4552,1915,0,638,72,68,4,1,0,25819,15487,1184,1184,247,31,63,0,0,0,0,0,75,0,5,0,2,0,0,5,0,0,0,0,1,0,1,0,0,0,2,0,0,0,0,0,7,0,6,1,0,0,0,192,162747,0,0,0,0,32,42,7,3,2,10,0,21,0,No Team Selected
