player_name,pokemon,trainer_name,real_time_hmmss,resets,blackouts,level,game_time,battle_duration,move1,move2,move3,move4
NINTEN,Articuno,Rival1-Lab,13,0,0,5,0:02,2.296,PECK,ICE BEAM,,
NINTEN,Articuno,Brock,53,0,0,9,0:11,2.593,ICE BEAM,PECK,,
NINTEN,Articuno,Rival2-Nugget Bridge,1:59,0,0,16,0:27,4.39,ICE BEAM,PECK,,
NINTEN,Articuno,Misty,3:00,0,0,20,0:41,5.868,ICE BEAM,PECK,,
NINTEN,Articuno,Cerulean Rocket,3:11,0,0,21,0:44,6.267,ICE BEAM,PECK,,
NINTEN,Articuno,Rival3-SS Anne,3:52,0,0,23,0:54,6.031,ICE BEAM,PECK,,
NINTEN,Articuno,Surge,4:17,0,0,24,1:00,2.312,ICE BEAM,PECK,,
NINTEN,Articuno,Erika,6:04,0,0,28,1:25,2.625,ICE BEAM,PECK,FLY,
NINTEN,Articuno,Rival4-Pkmn Tower,6:18,0,0,29,1:28,9.25,ICE BEAM,PECK,FLY,
